{"cameraMode":{"drawMode":0,"name":"Shaded","section":"Shading Mode"},"sceneLighting":true,"audioPlay":false,"sceneViewState":{"showFog":true,"showMaterialUpdate":false,"showSkybox":true,"showFlares":true,"showImageEffects":true,"showParticleSystems":true,"showVisualEffectGraphs":true,"m_FxEnabled":true},"in2DMode":false,"pivot":{"x":-10.609668731689454,"y":6.177107334136963,"z":-10.073467254638672},"rotation":{"x":-0.06880003213882446,"y":0.11407198011875153,"z":-0.00791892595589161,"w":-0.9910560846328735},"size":12.664567947387696,"orthographic":false}